# The routes and what must hold on each replay: tools/check_routes.py (ctest oracles-routes, with ORACLES_ROM_DIR set).
# route	mode	options	expect	run_hash	core
exploration.route	faithful	-	transitions.taken=52;transitions.vblank_scroll_writes=0;transitions.vblank_other_writes=0;ghost.transitions>=60;ghost.equal>=60	-	-
exploration.route	faithful-cc	-	-	-	-
exploration.route	enhanced	-	transitions.taken=52;transitions.vblank_scroll_writes=0;transitions.vblank_other_writes=0;enhanced.camera_jumps=0;enhanced.camera_jumps_y=0;enhanced.link_jumps<=4;enhanced.link_jumps_y<=4;enhanced.transitions=52;enhanced.transitions_black=0;enhanced.terrains_different=0;enhanced.ghost_failed=0;enhanced.ghost_wrong_room=0;enhanced.curtain_frames_wrong=0;enhanced.text_box_frames_wrong=0;enhanced.neighbour_waiting_frames<=46	sameboy:26dd6060a2acf58a,mgba:c0c3290f7fb0ccb9	-
exploration.route	enhanced-threaded	-	transitions.taken=52;transitions.vblank_scroll_writes=0;transitions.vblank_other_writes=0;enhanced.camera_jumps=0;enhanced.camera_jumps_y=0;enhanced.transitions_black=0;enhanced.ghost_wrong_room=0;enhanced.curtain_frames_wrong=0;enhanced.text_box_frames_wrong=0	-	-
exploration.route	enhanced-zoom	-	transitions.taken=52;transitions.vblank_scroll_writes=0;transitions.vblank_other_writes=0;enhanced.camera_jumps_y=0;enhanced.transitions_black=0;enhanced.ghost_failed=0;enhanced.curtain_frames_wrong=0;enhanced.text_box_frames_wrong=0;animation.state_wrong=0;animation.copies_wrong=0;enhanced.neighbour_waiting_frames<=96;enhanced.link_jumps<=4;enhanced.link_jumps_y<=4;animation.read_failures=0;enhanced.handoff_jumps=0;enhanced.handoff_hole_frames=0;enhanced.handoff_unseen=0;enhanced.black_pixels_mean<=926	sameboy:e211b2b35eeb1963,mgba:3df534fd0ba9fb2b	-
exploration.route	enhanced-zoom-threaded	-	transitions.taken=52;transitions.vblank_scroll_writes=0;transitions.vblank_other_writes=0;enhanced.camera_jumps_y=0;enhanced.transitions_black=0;enhanced.curtain_frames_wrong=0;enhanced.text_box_frames_wrong=0	-	-
exploration.route	enhanced	--view far --aspect 4:3	transitions.taken=52;transitions.vblank_scroll_writes=0;transitions.vblank_other_writes=0;enhanced.camera_jumps_y=0;enhanced.transitions_black=0;enhanced.ghost_failed=0;enhanced.curtain_frames_wrong=0;enhanced.text_box_frames_wrong=0;animation.state_wrong=0;animation.copies_wrong=0;enhanced.neighbour_waiting_frames<=96;enhanced.link_jumps<=4;enhanced.link_jumps_y<=4;animation.read_failures=0;enhanced.handoff_jumps=0;enhanced.handoff_hole_frames=0;enhanced.handoff_unseen=0;sameboy:enhanced.black_pixels_mean<=1075;mgba:enhanced.black_pixels_mean<=1091	sameboy:74c03df486e66bd5,mgba:1066071c19a7f809	-
exploration.route	enhanced-threaded	--view far --aspect 4:3	transitions.taken=52;transitions.vblank_scroll_writes=0;transitions.vblank_other_writes=0;enhanced.camera_jumps_y=0;enhanced.transitions_black=0;enhanced.curtain_frames_wrong=0;enhanced.text_box_frames_wrong=0	-	-
# exploration.route in the view's other sizes (docs/PLAYING.md): near in 4:3, medium in 16:9 and 4:3.
exploration.route	enhanced	--view near --aspect 4:3	transitions.taken=52;transitions.vblank_scroll_writes=0;transitions.vblank_other_writes=0;enhanced.camera_jumps_y=0;enhanced.transitions_black=0;enhanced.ghost_failed=0;enhanced.curtain_frames_wrong=0;enhanced.text_box_frames_wrong=0;animation.state_wrong=0;animation.copies_wrong=0;enhanced.link_jumps<=4;enhanced.link_jumps_y<=4;animation.read_failures=0;enhanced.handoff_jumps=0;enhanced.handoff_hole_frames=0;enhanced.handoff_unseen=0;enhanced.ghost_wrong_room=0;sameboy:enhanced.black_pixels_mean<=477;mgba:enhanced.black_pixels_mean<=477	sameboy:c97f3f900811249f,mgba:acce28f64550ea08	-
exploration.route	enhanced-threaded	--view near --aspect 4:3	-	-	-
exploration.route	enhanced	--view medium --aspect 16:9	transitions.taken=52;transitions.vblank_scroll_writes=0;transitions.vblank_other_writes=0;enhanced.camera_jumps_y=0;enhanced.transitions_black=0;enhanced.ghost_failed=0;enhanced.curtain_frames_wrong=0;enhanced.text_box_frames_wrong=0;animation.state_wrong=0;animation.copies_wrong=0;enhanced.link_jumps<=4;enhanced.link_jumps_y<=4;animation.read_failures=0;enhanced.handoff_jumps=0;enhanced.handoff_hole_frames=0;enhanced.handoff_unseen=0;enhanced.ghost_wrong_room=0;sameboy:enhanced.black_pixels_mean<=876;mgba:enhanced.black_pixels_mean<=876	sameboy:4c8b89e81468bd40,mgba:51872008bf35f069	-
exploration.route	enhanced-threaded	--view medium --aspect 16:9	-	-	-
exploration.route	enhanced	--view medium --aspect 4:3	transitions.taken=52;transitions.vblank_scroll_writes=0;transitions.vblank_other_writes=0;enhanced.camera_jumps_y=0;enhanced.transitions_black=0;enhanced.ghost_failed=0;enhanced.curtain_frames_wrong=0;enhanced.text_box_frames_wrong=0;animation.state_wrong=0;animation.copies_wrong=0;enhanced.link_jumps<=4;enhanced.link_jumps_y<=4;animation.read_failures=0;enhanced.handoff_jumps=0;enhanced.handoff_hole_frames=0;enhanced.handoff_unseen=0;enhanced.ghost_wrong_room=0;sameboy:enhanced.black_pixels_mean<=884;mgba:enhanced.black_pixels_mean<=884	sameboy:f4945f9dd482645c,mgba:8effe85a7665944e	-
exploration.route	enhanced-threaded	--view medium --aspect 4:3	-	-	-
